# TIME, VOLTAGE, LPM
0.00000000,3.50000000,-0.04378076
0.05000000,3.49950655,4.37812590
0.10000000,3.49802660,6.67962976
0.15000000,3.49556131,7.90338918
0.20000000,3.49211262,8.57329416
0.25000000,3.48768327,8.95384068
0.30000000,3.48227676,9.07944772
0.35000000,3.47589737,9.17199921
0.40000000,3.46855015,9.21810405
0.45000000,3.46024096,9.21741345
0.50000000,3.45097639,9.20049453
0.55000000,3.44076386,9.17730881
0.60000000,3.42961152,9.14575519
0.65000000,3.41752833,9.11460369
0.70000000,3.40452401,9.10891855
0.75000000,3.39060906,9.12062502
0.80000000,3.37579475,9.10253275
0.85000000,3.36009314,8.91110071
0.90000000,3.34351703,8.95350529
0.95000000,3.32608004,8.96662047
1.00000000,3.30779651,8.92391920
1.05000000,3.28868159,8.82442180
1.10000000,3.26875117,8.73885608
1.15000000,3.24802192,8.72263351
1.20000000,3.22651127,8.67736926
1.25000000,3.20423741,8.58027451
1.30000000,3.18121929,8.48112083
1.35000000,3.15747661,8.42401097
1.40000000,3.13302982,8.38446312
1.45000000,3.10790013,8.45939397
1.50000000,3.08210949,8.35698818
1.55000000,3.05568057,8.27193453
1.60000000,3.02863680,8.15837172
1.65000000,3.00100233,8.14137336
1.70000000,2.97280201,8.00259117
1.75000000,2.94406145,7.94849754
1.80000000,2.91480693,7.89682519
1.85000000,2.88506544,7.80064546
1.90000000,2.85486467,7.71250837
1.95000000,2.82423300,7.63289854
2.00000000,2.79319945,7.54430394
2.05000000,2.76179374,7.47709394
2.10000000,2.73004622,7.40884926
2.15000000,2.69798789,7.36200226
2.20000000,2.66565037,7.30068510
2.25000000,2.63306588,7.12659586
2.30000000,2.60026725,7.08962695
2.35000000,2.56728791,6.92995186
2.40000000,2.53416182,6.90280008
2.45000000,2.50092349,6.81012410
2.50000000,2.46760799,6.70586010
2.55000000,2.43425087,6.64649820
2.60000000,2.40088816,6.54141800
2.65000000,2.36755637,6.42413734
2.70000000,2.33429244,6.31005626
2.75000000,2.30113374,6.23476501
2.80000000,2.26811801,6.17422055
2.85000000,2.23528336,6.07756587
2.90000000,2.20266823,5.98133558
2.95000000,2.17031136,5.93429387
3.00000000,2.13825176,5.84744438
3.05000000,2.10652869,5.74311955
3.10000000,2.07518158,5.71038820
3.15000000,2.04425005,5.65410866
3.20000000,2.01377384,5.52235306
3.25000000,1.98379278,5.48600879
3.30000000,1.95434675,5.32537268
3.35000000,1.92547563,5.31565942
3.40000000,1.89721925,5.15523839
3.45000000,1.86961736,5.20432160
3.50000000,1.84270959,5.02018381
3.55000000,1.81653537,4.95406368
3.60000000,1.79113390,4.88646937
3.65000000,1.76654410,4.80655560
3.70000000,1.74280453,4.72874187
3.75000000,1.71995338,4.67622064
3.80000000,1.69802837,4.63628805
3.85000000,1.67706671,4.54815532
3.90000000,1.65710502,4.51630680
3.95000000,1.63817931,4.41610726
4.00000000,1.62032486,4.41837868
4.05000000,1.60357623,4.29098119
4.10000000,1.58796708,4.28786531
4.15000000,1.57353024,4.17744859
4.20000000,1.56029750,4.19476101
4.25000000,1.54829967,4.17115783
4.30000000,1.53756641,4.17586093
4.35000000,1.52812620,4.14585510
4.40000000,1.52000625,4.07769452
4.45000000,1.51323246,4.07304319
4.50000000,1.50782929,4.07193173
4.55000000,1.50381972,4.04893277
4.60000000,1.50122517,4.01528862
4.65000000,1.50006540,4.06856180
4.70000000,1.50035847,4.02763568
4.75000000,1.50212060,4.04946611
4.80000000,1.50536617,3.96095049
4.85000000,1.51010758,4.03967088
4.90000000,1.51635520,3.97248500
4.95000000,1.52411729,4.06808602
5.00000000,1.53339990,4.09361306
5.05000000,1.54420683,4.04824691
5.10000000,1.55653954,4.13669162
5.15000000,1.57039707,4.11935781
5.20000000,1.58577596,4.10945164
5.25000000,1.60267022,4.16872461
5.30000000,1.62107121,4.23203325
5.35000000,1.64096762,4.28663881
5.40000000,1.66234537,4.33516651
5.45000000,1.68518757,4.37387150
5.50000000,1.70947447,4.44937337
5.55000000,1.73518339,4.50922484
5.60000000,1.76228867,4.62354743
5.65000000,1.79076164,4.68175260
5.70000000,1.82057058,4.68761160
5.75000000,1.85168067,4.79474345
5.80000000,1.88405395,4.86959507
5.85000000,1.91764933,4.98488720
5.90000000,1.95242254,5.05849063
5.95000000,1.98832614,5.10572745
6.00000000,2.02530951,5.25408508
6.05000000,2.06331881,5.36267486
6.10000000,2.10229705,5.47406895
6.15000000,2.14218407,5.56716630
6.20000000,2.18291658,5.62545620
6.25000000,2.22442818,5.73685098
6.30000000,2.26664940,5.84122478
6.35000000,2.30950775,5.94316542
6.40000000,2.35292782,5.99429389
6.45000000,2.39683129,6.17332007
6.50000000,2.44113704,6.34518318
6.55000000,2.48576124,6.44662606
6.60000000,2.53061745,6.54916637
6.65000000,2.57561674,6.70367544
6.70000000,2.62066779,6.74423385
6.75000000,2.66567706,6.88475643
6.80000000,2.71054891,6.95887207
6.85000000,2.75518575,7.08695023
6.90000000,2.79948826,7.21454692
6.95000000,2.84335551,7.43148002
7.00000000,2.88668521,7.54890833
7.05000000,2.92937388,7.63588555
7.10000000,2.97131711,7.75104807
7.15000000,3.01240972,7.83143909
7.20000000,3.05254611,7.94209763
7.25000000,3.09162040,8.02430881
7.30000000,3.12952680,8.12194512
7.35000000,3.16615984,8.24223660
7.40000000,3.20141464,8.37491352
7.45000000,3.23518727,8.44759366
7.50000000,3.26737502,8.61096694
7.55000000,3.29787675,8.65209095
7.60000000,3.32659318,8.73993491
7.65000000,3.35342727,8.82663167
7.70000000,3.37828458,8.90847350
7.75000000,3.40107357,8.91141908
7.80000000,3.42170601,8.97484854
7.85000000,3.44009735,9.07400901
7.90000000,3.45616704,9.09075701
7.95000000,3.46983898,9.20061122
8.00000000,3.48104184,9.17422715
8.05000000,3.48970947,9.23764914
8.10000000,3.49578124,9.24296705
8.15000000,3.49920249,9.31091687
8.20000000,3.49992483,9.38398896
8.25000000,3.49790653,9.36572233
8.30000000,3.49311291,9.32346577
8.35000000,3.48551665,9.29551199
8.40000000,3.47509815,9.29858946
8.45000000,3.46184589,9.27754781
8.50000000,3.44575669,9.24900504
8.55000000,3.42683606,9.18415315
8.60000000,3.40509846,9.14109950
8.65000000,3.38056755,9.10849010
8.70000000,3.35327646,9.04358959
8.75000000,3.32326797,8.94802329
8.80000000,3.29059475,8.91079054
8.85000000,3.25531944,8.75463068
8.90000000,3.21751487,8.72276767
8.95000000,3.17726407,8.62737662
9.00000000,3.13466038,8.50316974
9.05000000,3.08980746,8.42693489
9.10000000,3.04281926,8.29291633
9.15000000,2.99381997,8.17655421
9.20000000,2.94294391,8.04592019
9.25000000,2.89033537,7.91788660
9.30000000,2.83614843,7.78505041
9.35000000,2.78054669,7.59273875
9.40000000,2.72370299,7.44809900
9.45000000,2.66579904,7.34555013
9.50000000,2.60702503,7.22149857
9.55000000,2.54757918,7.03907760
9.60000000,2.48766717,6.83753844
9.65000000,2.42750166,6.79194352
9.70000000,2.36730157,6.63576526
9.75000000,2.30729146,6.44743624
9.80000000,2.24770079,6.29446312
9.85000000,2.18876308,6.18730534
9.90000000,2.13071511,5.95712556
9.95000000,2.07379602,5.74858494
10.00000000,2.01824633,5.61680230
10.05000000,1.96430695,5.42613183
10.10000000,1.91221815,5.23937953
10.15000000,1.86221848,5.20928522
10.20000000,1.81454361,5.10458605
10.25000000,1.76942516,4.96096640
10.30000000,1.72708957,4.84544525
10.35000000,1.68775677,4.64730580
10.40000000,1.65163904,4.52514489
10.45000000,1.61893967,4.44603962
10.50000000,1.58985173,4.35577405
10.55000000,1.56455674,4.28569971
10.60000000,1.54322346,4.20276280
10.65000000,1.52600657,4.06983026
10.70000000,1.51304544,4.11713408
10.75000000,1.50446292,4.09815731
10.80000000,1.50036411,4.07875614
10.85000000,1.50083525,4.06129207
10.90000000,1.50594261,4.05580194
10.95000000,1.51573143,3.99408657
11.00000000,1.53022500,4.00810438
11.05000000,1.54942375,4.08692066
11.10000000,1.57330443,4.05922144
11.15000000,1.60181945,4.16397939
11.20000000,1.63489626,4.21198433
11.25000000,1.67243688,4.31793862
11.30000000,1.71431760,4.42992906
11.35000000,1.76038867,4.51571324
11.40000000,1.81047434,4.63089045
11.45000000,1.86437287,4.74154852
11.50000000,1.92185681,4.85004863
11.55000000,1.98267343,5.00567903
11.60000000,2.04654523,5.17298493
11.65000000,2.11317081,5.36733694
11.70000000,2.18222573,5.56940617
11.75000000,2.25336367,5.74552715
11.80000000,2.32621778,5.91644892
11.85000000,2.40040216,6.13375993
11.90000000,2.47551354,6.33028404
11.95000000,2.55113324,6.45651036
12.00000000,2.62682916,6.72644152
12.05000000,2.70215809,6.93889776
12.10000000,2.77666810,7.10692600
12.15000000,2.84990115,7.24748078
12.20000000,2.92139581,7.52034472
12.25000000,2.99069020,7.63473221
12.30000000,3.05732492,7.83053739
12.35000000,3.12084629,8.07305350
12.40000000,3.18080948,8.21891874
12.45000000,3.23678188,8.34247463
12.50000000,3.28834643,8.53207287
12.55000000,3.33510504,8.69117906
12.60000000,3.37668200,8.83816092
12.65000000,3.41272734,8.92512883
12.70000000,3.44292023,8.94603666
12.75000000,3.46697222,9.08073711
12.80000000,3.48463042,9.09794369
12.85000000,3.49568058,9.24063170
12.90000000,3.49994993,9.32207012
12.95000000,3.49730989,9.39691008
13.00000000,3.48767851,9.27548827
13.05000000,3.47102269,9.31623361
13.10000000,3.44736008,9.24618378
13.15000000,3.41676064,9.22431457
13.20000000,3.37934791,9.10459811
13.25000000,3.33529980,9.01345683
13.30000000,3.28484910,8.90955925
13.35000000,3.22828342,8.80734703
13.40000000,3.16594475,8.68859032
13.45000000,3.09822854,8.50282032
13.50000000,3.02558228,8.30258496
13.55000000,2.94850352,8.14290200
13.60000000,2.86753748,7.93491668
13.65000000,2.78327405,7.77524287
13.70000000,2.69634428,7.57937693
13.75000000,2.60741645,7.24880222
13.80000000,2.51719146,7.02326898
13.85000000,2.42639793,6.83668527
13.90000000,2.33578669,6.60155674
13.95000000,2.24612491,6.37149444
14.00000000,2.15818979,6.13975834
14.05000000,2.07276192,5.88751538
14.10000000,1.99061829,5.59130016
14.15000000,1.91252505,5.37185603
14.20000000,1.83923012,5.16199049
14.25000000,1.77145558,5.05426594
14.30000000,1.70989001,4.86101331
14.35000000,1.65518090,4.72168230
14.40000000,1.60792706,4.52276331
14.45000000,1.56867125,4.42430151
14.50000000,1.53789305,4.24532597
14.55000000,1.51600207,4.11341241
14.60000000,1.50333157,4.02308628
14.65000000,1.50013266,4.06221581
14.70000000,1.50656905,4.04203376
14.75000000,1.52271252,4.12382800
14.80000000,1.54853920,4.07339832
14.85000000,1.58392668,4.10730373
14.90000000,1.62865206,4.16930480
14.95000000,1.68239107,4.27300611
15.00000000,1.74471819,4.40087478
15.05000000,1.81510792,4.51042498
15.10000000,1.89293727,4.72051122
15.15000000,1.97748932,4.99138220
15.20000000,2.06795817,5.23119628
15.25000000,2.16345495,5.39302091
15.30000000,2.26301514,5.58476930
15.35000000,2.36560700,5.89139013
15.40000000,2.47014121,6.22134878
15.45000000,2.57548153,6.36338497
15.50000000,2.68045649,6.71105989
15.55000000,2.78387193,6.96373627
15.60000000,2.88452445,7.28996631
15.65000000,2.98121538,7.55426360
15.70000000,3.07276536,7.82621824
15.75000000,3.15802924,8.05091439
15.80000000,3.23591118,8.26072614
15.85000000,3.30537972,8.50913139
15.90000000,3.36548267,8.72618821
15.95000000,3.41536153,8.84619935
16.00000000,3.45426538,8.97437167
16.05000000,3.48156382,9.11386498
16.10000000,3.49675895,9.20895588
16.15000000,3.49949594,9.31128976
16.20000000,3.48957228,9.24725062
16.25000000,3.46694519,9.25109189
16.30000000,3.43173723,9.16318806
16.35000000,3.38423986,9.11304119
16.40000000,3.32491479,9.01446707
16.45000000,3.25439298,8.88151312
16.50000000,3.17347130,8.74242972
16.55000000,3.08310655,8.54335563
16.60000000,2.98440711,8.31819886
16.65000000,2.87862197,8.06219271
16.70000000,2.76712730,7.77486734
16.75000000,2.65141059,7.45245338
16.80000000,2.53305258,7.20279720
16.85000000,2.41370699,6.89119963
16.90000000,2.29507841,6.70438269
16.95000000,2.17889850,6.27491120
17.00000000,2.06690087,5.97440630
17.05000000,1.96079492,5.63728401
17.10000000,1.86223897,5.42788618
17.15000000,1.77281326,5.15495987
17.20000000,1.69399297,4.83980874
17.25000000,1.62712194,4.62993912
17.30000000,1.57338748,4.44943038
17.35000000,1.53379667,4.30410139
17.40000000,1.50915471,4.18932641
17.45000000,1.50004575,4.09694818
17.50000000,1.50681663,4.04324610
17.55000000,1.52956397,4.06589345
17.60000000,1.56812496,4.07368697
17.65000000,1.62207224,4.14719387
17.70000000,1.69071308,4.26065091
17.75000000,1.77309316,4.42119923
17.80000000,1.86800502,4.56879582
17.85000000,1.97400131,4.83500980
17.90000000,2.08941281,5.09888575
17.95000000,2.21237107,5.41066580
18.00000000,2.34083557,5.76237648
18.05000000,2.47262501,6.05009099
18.10000000,2.60545238,6.34950339
18.15000000,2.73696333,6.73860225
18.20000000,2.86477731,7.06734822
18.25000000,2.98653067,7.41959607
18.30000000,3.09992122,7.76651065
18.35000000,3.20275323,8.08762171
18.40000000,3.29298212,8.38379703
18.45000000,3.36875794,8.58903179
18.50000000,3.42846670,8.84837654
18.55000000,3.47076863,8.89857990
18.60000000,3.49463242,9.14269843
18.65000000,3.49936467,9.20446288
18.70000000,3.48463355,9.22802255
18.75000000,3.45048607,9.20928622
18.80000000,3.39735826,9.15326023
18.85000000,3.32607764,9.02920291
18.90000000,3.23785770,8.85680875
18.95000000,3.13428407,8.73057145
19.00000000,3.01729232,8.47621828
19.05000000,2.88913739,8.14132123
19.10000000,2.75235521,7.85931888
19.15000000,2.60971658,7.55902206
19.20000000,2.46417441,7.14159500
19.25000000,2.31880486,6.73031998
19.30000000,2.17674362,6.34811528
19.35000000,2.04111853,5.96256362
19.40000000,1.91497977,5.56396527
19.45000000,1.80122937,5.25273394
19.50000000,1.70255138,4.97297537
19.55000000,1.62134455,4.70992842
19.60000000,1.55965915,4.48890122
19.65000000,1.51913959,4.28922045
19.70000000,1.50097451,4.14662732
19.75000000,1.50585591,4.04815278
19.80000000,1.53394857,4.06928098
19.85000000,1.58487123,4.12249779
19.90000000,1.65769020,4.22242193
19.95000000,1.75092639,4.35454703
20.00000000,1.86257601,4.55206317
20.05000000,1.99014510,4.80720433
20.10000000,2.13069760,5.20342318
20.15000000,2.28091632,5.46071162
20.20000000,2.43717587,5.86954311
20.25000000,2.59562609,6.28075743
20.30000000,2.75228432,6.68587376
20.35000000,2.90313443,7.11272575
20.40000000,3.04423034,7.53000661
20.45000000,3.17180134,7.90339674
20.50000000,3.28235657,8.27917960
20.55000000,3.37278568,8.59170157
20.60000000,3.44045282,8.82602720
20.65000000,3.48328100,9.02607659
20.70000000,3.49982415,9.10491222
20.75000000,3.48932424,9.20585863
20.80000000,3.45175121,9.21523519
20.85000000,3.38782391,9.17711483
20.90000000,3.29901049,9.03681032
20.95000000,3.18750744,8.85698140
21.00000000,3.05619699,8.52506539
21.05000000,2.90858303,8.23519637
21.10000000,2.74870674,7.88281277
21.15000000,2.58104335,7.51641221
21.20000000,2.41038243,7.12397945
21.25000000,2.24169465,6.68777817
21.30000000,2.07998834,6.25000894
21.35000000,1.93015995,5.79120352
21.40000000,1.79684269,5.39586978
21.45000000,1.68425799,5.00140674
21.50000000,1.59607452,4.74131406
21.55000000,1.53527966,4.41359154
21.60000000,1.50406783,4.29553525
21.65000000,1.50375020,4.11997752
21.70000000,1.53468935,4.09754492
21.75000000,1.59626229,4.16958058
21.80000000,1.68685415,4.24245025
21.85000000,1.80388390,4.41482627
21.90000000,1.94386291,4.69479669
21.95000000,2.10248545,5.01270720
22.00000000,2.27474965,5.38409245
22.05000000,2.45510597,5.82013466
22.10000000,2.63762929,6.27456771
22.15000000,2.81620972,6.78133005
22.20000000,2.98475623,7.23596277
22.25000000,3.13740659,7.68626369
22.30000000,3.26873646,8.06920031
22.35000000,3.37396018,8.47731419
22.40000000,3.44911578,8.66650301
22.45000000,3.49122686,8.92492734
22.50000000,3.49843467,9.16626743
22.55000000,3.47009404,9.23886519
22.60000000,3.40682852,9.19174823
22.65000000,3.31054074,9.05072281
22.70000000,3.18437583,8.83930136
22.75000000,3.03263746,8.57495822
22.80000000,2.86065753,8.23976018
22.85000000,2.67462273,7.82188807
22.90000000,2.48136283,7.35699638
22.95000000,2.28810720,6.89541969
23.00000000,2.10221790,6.43279107
23.05000000,1.93090864,5.90681142
23.10000000,1.78096033,5.47090565
23.15000000,1.65844417,5.00155007
23.20000000,1.56846382,4.69671180
23.25000000,1.51492766,4.45631782
23.30000000,1.50036177,4.21338139
23.35000000,1.52577269,4.18747284
23.40000000,1.59056779,4.14308358
23.45000000,1.69253879,4.23411140
23.50000000,1.82791165,4.45693127
23.55000000,1.99146341,4.76012094
23.60000000,2.17670373,5.14155124
23.65000000,2.37611592,5.57629920
23.70000000,2.58144965,6.06166666
23.75000000,2.78405457,6.57833558
23.80000000,2.97524209,7.06756571
23.85000000,3.14666059,7.58823233
23.90000000,3.29066796,8.05824006
23.95000000,3.40068496,8.47032920
24.00000000,3.47151273,8.77783684
24.05000000,3.49959879,9.06203325
24.10000000,3.48323743,9.18077319
24.15000000,3.42269281,9.24280103
24.20000000,3.32023600,9.10322933
24.25000000,3.18009086,8.88666645
24.30000000,3.00828780,8.53475326
24.35000000,2.81242860,8.14046988
24.40000000,2.60136990,7.67584295
24.45000000,2.38483730,7.13661517
24.50000000,2.17298579,6.60459073
24.55000000,1.97592566,6.05965801
24.60000000,1.80323544,5.58353725
24.65000000,1.66348538,5.07186984
24.70000000,1.56379505,4.73203790
24.75000000,1.50944856,4.44056550
24.80000000,1.50358859,4.26436366
24.85000000,1.54700783,4.18606806
24.90000000,1.63805195,4.23616267
24.95000000,1.77264345,4.44331382
25.00000000,1.94442977,4.72635556
25.05000000,2.14505277,5.07211447
25.10000000,2.36453030,5.53594258
25.15000000,2.59173409,6.06494224
25.20000000,2.81494263,6.60698257
25.25000000,3.02244248,7.16128718
25.30000000,3.20314788,7.64712100
25.35000000,3.34720602,8.17912069
25.40000000,3.44655474,8.54654641
25.45000000,3.49540055,8.85617942
25.50000000,3.49058763,9.03458065
25.55000000,3.43183355,9.11584189
25.60000000,3.32181343,9.03743099
25.65000000,3.16608216,8.82751353
25.70000000,2.97283302,8.54171250
25.75000000,2.75250013,8.11732597
25.80000000,2.51722161,7.64432197
25.85000000,2.28018899,7.02959486
25.90000000,2.05491612,6.44790947
25.95000000,1.85446725,5.81723948
26.00000000,1.69068765,5.30181408
26.05000000,1.57348253,4.83647649
26.10000000,1.51018839,4.47691326
26.15000000,1.50507820,4.23149019
26.20000000,1.55903464,4.17502063
26.25000000,1.66941777,4.23289707
26.30000000,1.83014213,4.44005710
26.35000000,2.03196634,4.78477812
26.40000000,2.26298529,5.23275102
26.45000000,2.50930163,5.76759487
26.50000000,2.75584144,6.34784039
26.55000000,2.98726798,6.98126002
26.60000000,3.18893931,7.63014999
26.65000000,3.34785048,8.10397804
26.70000000,3.45349923,8.60855008
26.75000000,3.49861678,8.90348792
26.80000000,3.47971105,9.04542211
26.85000000,3.39738030,9.13555674
26.90000000,3.25636805,8.98896606
26.95000000,3.06534623,8.75387663
27.00000000,2.83643133,8.31228611
27.05000000,2.58445608,7.77102161
27.10000000,2.32603717,7.18586063
27.15000000,2.07849479,6.56203619
27.20000000,1.85869254,5.92053398
27.25000000,1.68187456,5.32761695
27.30000000,1.56058024,4.85020776
27.35000000,1.50371496,4.51132536
27.40000000,1.51584735,4.31682993
27.45000000,1.59679099,4.25714397
27.50000000,1.74151011,4.28505578
27.55000000,1.94036792,4.53922233
27.60000000,2.17971153,5.07866298
27.65000000,2.44276353,5.57505575
27.70000000,2.71076591,6.22177465
27.75000000,2.96430178,6.86800811
27.80000000,3.18470355,7.51455251
27.85000000,3.35544644,8.05130838
27.90000000,3.46342267,8.52433625
27.95000000,3.49999650,8.84896873
28.00000000,3.46175278,9.03170979
28.05000000,3.35087124,9.03516829
28.10000000,3.17508472,8.83283097
28.15000000,2.94721010,8.49923239
28.20000000,2.68427320,8.04653722
28.25000000,2.40628167,7.41011137
28.30000000,2.13472975,6.72882242
28.35000000,1.89094360,6.11433765
28.40000000,1.69439302,5.41281691
28.45000000,1.56110303,4.94770246
28.50000000,1.50229671,4.49321382
28.55000000,1.52338680,4.29423465
28.60000000,1.62341039,4.24833067
28.65000000,1.79496808,4.43511821
28.70000000,2.02469019,4.77197362
28.75000000,2.29420945,5.26529612
28.80000000,2.58157658,5.84630668
28.85000000,2.86301527,6.49526443
28.90000000,3.11487994,7.17938594
28.95000000,3.31565728,7.80230782
29.00000000,3.44784187,8.42223352
29.05000000,3.49952053,8.80467757
29.10000000,3.46551847,9.03187821
29.15000000,3.34799249,9.02404541
29.20000000,3.15640072,8.83393246
29.25000000,2.90683021,8.43134720
29.30000000,2.62072019,7.95879845
29.35000000,2.32307425,7.31441315
29.40000000,2.04030452,6.63558575
29.45000000,1.79788964,5.93323585
29.50000000,1.61805282,5.27628682
29.55000000,1.51767253,4.77814862
29.60000000,1.50662546,4.42903729
29.65000000,1.58672931,4.28433217
29.70000000,1.75140374,4.37805015
29.75000000,1.98610526,4.66540964
29.80000000,2.26952106,5.11877105
29.85000000,2.57543417,5.83431122
29.90000000,2.87510498,6.45570188
29.95000000,3.13995837,7.18958962
30.00000000,3.34432793,7.87793760
30.05000000,3.46799339,8.45934677
30.10000000,3.49825734,8.84326042
30.15000000,3.43134229,9.00411317
30.20000000,3.27294811,8.90856263
30.25000000,3.03788671,8.64891565
30.30000000,2.74879998,8.17800597
30.35000000,2.43405936,7.55842322
30.40000000,2.12503219,6.82104246
30.45000000,1.85297124,6.06411788
30.50000000,1.64583282,5.34367866
30.55000000,1.52534765,4.75188055
30.60000000,1.50465544,4.41064034
30.65000000,1.58676713,4.26779566
30.70000000,1.76404267,4.35883859
30.75000000,2.01877206,4.71707077
30.80000000,2.32483441,5.29565170
30.85000000,2.65029337,5.92527646
30.90000000,2.96068201,6.64174823
30.95000000,3.22264615,7.44320638
31.00000000,3.40756359,8.12133636
31.05000000,3.49474482,8.56039593
31.10000000,3.47385144,8.88114053
31.15000000,3.34624106,8.95668176
31.20000000,3.12505513,8.76028277
31.25000000,2.83399965,8.34244532
31.30000000,2.50491337,7.74314734
31.35000000,2.17435820,7.03216510
31.40000000,1.87958690,6.14468656
31.45000000,1.65432707,5.54111927
31.50000000,1.52485857,4.89764855
31.55000000,1.50684550,4.54241667
31.60000000,1.60331357,4.37280373
31.65000000,1.80404502,4.46900871
31.70000000,2.08650690,4.81343080
31.75000000,2.41825186,5.37969404
31.80000000,2.76055374,6.12401480
31.85000000,3.07288379,6.87161905
31.90000000,3.31771764,7.67314783
31.95000000,3.46510438,8.35381354
32.00000000,3.49643655,8.75477442
32.05000000,3.40693665,8.92015959
32.10000000,3.20651505,8.82862974
32.15000000,2.91884281,8.43474545
32.20000000,2.57869812,7.89796275
32.25000000,2.22786324,7.15438275
32.30000000,1.91004071,6.35269520
32.35000000,1.66539874,5.58444372
32.40000000,1.52542535,4.97172711
32.45000000,1.50875636,4.51565356
32.50000000,1.61854195,4.36377426
32.55000000,1.84173872,4.50182445
32.60000000,2.15047849,4.90050348
32.65000000,2.50539991,5.51971806
32.70000000,2.86056698,6.28648278
32.75000000,3.16937595,7.09790817
32.80000000,3.39069871,7.92612909
32.85000000,3.49445214,8.52711733
32.90000000,3.46583030,8.80369559
32.95000000,3.30758856,8.90286746
33.00000000,3.04001118,8.65468006
33.05000000,2.69849564,8.25972547
33.10000000,2.32901162,7.41853363
33.15000000,1.98199437,6.59920866
33.20000000,1.70546965,5.73146868
33.25000000,1.53834274,5.06698900
33.30000000,1.50479510,4.59974802
33.35000000,1.61060996,4.40621882
33.40000000,1.84200466,4.52020615
33.45000000,2.16721154,4.93546469
33.50000000,2.54066456,5.56387200
33.55000000,2.90926877,6.36914790
33.60000000,3.21991003,7.20950927
33.65000000,3.42715163,7.95012080
33.70000000,3.50000000,8.56662282
33.75000000,3.42671832,8.84556323
33.80000000,3.21691945,8.90198379
33.85000000,2.90054598,8.50362671
33.90000000,2.52379676,7.87311262
33.95000000,2.14251927,7.04820294
34.00000000,1.81398860,6.20157989
34.05000000,1.58827073,5.45726320
34.10000000,1.50047372,4.82813407
34.15000000,1.56510001,4.47048017
34.20000000,1.77343174,4.50268126
34.25000000,2.09444368,4.86900454
34.30000000,2.47920610,5.48319962
34.35000000,2.86819173,6.30172977
34.40000000,3.20042335,7.12612286
34.45000000,3.42307011,7.95178408
34.50000000,3.49998041,8.48030573
34.55000000,3.41775699,8.91298139
34.60000000,3.18832626,8.80330231
34.65000000,2.84748443,8.36479580
34.70000000,2.44953862,7.74661834
34.75000000,2.05880317,6.96800197
34.80000000,1.73925398,6.05523165
34.85000000,1.54399291,5.19766784
34.90000000,1.50626251,4.61422146
34.95000000,1.63355315,4.43482216
35.00000000,1.90587894,4.57806637
35.05000000,2.27863361,5.06382834
35.10000000,2.68967570,5.82959863
35.15000000,3.06956024,6.73672601
35.20000000,3.35325886,7.69177557
35.25000000,3.49139691,8.32895032
35.30000000,3.45905305,8.75922540
35.35000000,3.26052317,8.74579067
35.40000000,2.92910157,8.46353019
35.45000000,2.52177457,7.87587398
35.50000000,2.10961672,7.09702210
35.55000000,1.76546842,6.14755973
35.60000000,1.55101221,5.37073097
35.65000000,1.50554469,4.75452685
35.70000000,1.63851268,4.51986555
35.75000000,1.92727087,4.57443839
35.80000000,2.32061715,5.08362288
35.85000000,2.74762342,5.86638236
35.90000000,3.13029032,6.85065077
35.95000000,3.39779819,7.75068385
36.00000000,3.49975543,8.42952509
36.05000000,3.41594571,8.78028350
36.10000000,3.16064833,8.74297198
36.15000000,2.78056544,8.27002343
36.20000000,2.34656838,7.52812499
36.25000000,1.94066015,6.72226481
36.30000000,1.64051272,5.78621299
36.35000000,1.50448306,4.99439968
36.40000000,1.56001539,4.57624987
36.45000000,1.79777564,4.52094761
36.50000000,2.17282251,4.92673477
36.55000000,2.61278149,5.66877630
36.60000000,3.03160622,6.55812582
36.65000000,3.34635709,7.46822804
36.70000000,3.49374167,8.23416195
36.75000000,3.44310190,8.68861332
36.80000000,3.20313908,8.78140670
36.85000000,2.82084506,8.37536903
36.90000000,2.37264128,7.69001377
36.95000000,1.94931860,6.71054136
37.00000000,1.63769484,5.89653334
37.05000000,1.50267918,5.08108179
37.10000000,1.57346839,4.61092732
37.15000000,1.83686043,4.52099550
37.20000000,2.23927884,5.00035803
37.25000000,2.69732082,5.71919388
37.30000000,3.11483455,6.74945569
37.35000000,3.40308012,7.71176947
37.40000000,3.49975877,8.41392642
37.45000000,3.38280192,8.74883780
37.50000000,3.07580819,8.62002393
37.55000000,2.64372489,8.14050658
37.60000000,2.17944869,7.33066548
37.65000000,1.78402710,6.29469864
37.70000000,1.54463497,5.38619271
37.75000000,1.51512502,4.83592538
37.80000000,1.70353401,4.54227524
37.85000000,2.06951539,4.84477640
37.90000000,2.53254034,5.53042321
37.95000000,2.98931188,6.43716434
38.00000000,3.33670314,7.34591938
38.05000000,3.49515826,8.23620816
38.10000000,3.42722758,8.70650288
38.15000000,3.14685683,8.69590248
38.20000000,2.71704280,8.26446738
38.25000000,2.23608813,7.45973578
38.30000000,1.81534888,6.44478303
38.35000000,1.55345037,5.48016570
38.40000000,1.51293291,4.80268163
38.45000000,1.70490366,4.55371073
38.50000000,2.08554579,4.82675969
38.55000000,2.56563064,5.51655368
38.60000000,3.03109949,6.46221218
38.65000000,3.37005703,7.47285038
38.70000000,3.49982223,8.25469046
38.75000000,3.38747001,8.64558544
38.80000000,3.05868125,8.59452841
38.85000000,2.59242481,8.00170366
38.90000000,2.10240947,7.18704261
38.95000000,1.70954861,6.12764642
39.00000000,1.51204770,5.24411069
39.05000000,1.56052356,4.76848074
39.10000000,1.84453069,4.70621974
39.15000000,2.29418866,5.14366236
39.20000000,2.79689183,5.96338998
39.25000000,3.22524078,6.95555671
39.30000000,3.46934548,7.79807410
39.35000000,3.46531544,8.49727286
39.40000000,3.21248546,8.66070323
39.45000000,2.77461925,8.28426275
39.50000000,2.26436342,7.49326316
39.55000000,1.81458804,6.46013122
39.60000000,1.54381086,5.50285167
39.65000000,1.52468568,4.90985709
39.70000000,1.76399545,4.70244879
39.75000000,2.19977935,5.04705418
39.80000000,2.71680236,5.79175924
39.85000000,3.17667500,6.69626790
39.90000000,3.45485646,7.72097008
39.95000000,3.47466906,8.44833844
40.00000000,3.22896863,8.62891350
40.05000000,2.78321776,8.34192450
40.10000000,2.25864243,7.62349552
40.15000000,1.79962422,6.54500831
40.20000000,1.53398754,5.55838081
40.25000000,1.53708593,4.92583263
40.30000000,1.80985292,4.76615931
40.35000000,2.27735309,5.04766311
40.40000000,2.80876075,5.92913052
40.45000000,3.25362839,7.00175454
40.50000000,3.48449966,7.93130169
40.55000000,3.43380413,8.48183313
40.60000000,3.11426012,8.54489605
40.65000000,2.61646644,8.10579747
40.70000000,2.08381144,7.19694546
40.75000000,1.67145934,6.13417496
40.80000000,1.50104799,5.23325343
40.85000000,1.62434085,4.74327812
40.90000000,2.00681657,4.84100232
40.95000000,2.53657213,5.43030722
41.00000000,3.05651025,6.43476022
41.05000000,3.41073244,7.48612609
41.10000000,3.49150880,8.23491869
41.15000000,3.27262012,8.62535615
41.20000000,2.81859659,8.31643524
41.25000000,2.26643531,7.56515688
41.30000000,1.78472619,6.51786477
41.35000000,1.52222462,5.49387043
41.40000000,1.56152956,4.84482186
41.45000000,1.89239426,4.78331476
41.50000000,2.41348672,5.28090154
41.55000000,2.96274588,6.21294845
41.60000000,3.36747008,7.27194472
41.65000000,3.49877039,8.17441527
41.70000000,3.31318707,8.62366267
41.75000000,2.86786987,8.44971424
41.80000000,2.30380943,7.64573528
41.85000000,1.80174266,6.54399079
41.90000000,1.52433131,5.53947030
41.95000000,1.56306724,4.84282080
42.00000000,1.90734559,4.81955380
42.05000000,2.44637984,5.27497351
42.10000000,3.00412322,6.27077657
42.15000000,3.39644806,7.31728602
42.20000000,3.49213214,8.17377379
42.25000000,3.25740311,8.57980546
42.30000000,2.76872348,8.28038808
42.35000000,2.18875076,7.44431207
42.40000000,1.71271132,6.35116761
42.45000000,1.50267693,5.41494518
42.50000000,1.63185532,4.79997943
42.55000000,2.05820457,4.90569699
42.60000000,2.63714354,5.55533496
42.65000000,3.16990306,6.58880139
42.70000000,3.47160110,7.65496431
42.75000000,3.43580341,8.37973592
42.80000000,3.07290518,8.47440532
42.85000000,2.50822955,7.96186702
42.90000000,1.93955796,6.96538887
42.95000000,1.56817748,5.89671771
43.00000000,1.52735208,5.08495165
43.05000000,1.83371618,4.75027568
43.10000000,2.37957434,5.16768506
43.15000000,2.96984688,6.09690888
43.20000000,3.39134128,7.25645833
43.25000000,3.48993201,8.12362392
43.30000000,3.22766316,8.54122214
43.35000000,2.69837089,8.16945665
43.40000000,2.09510296,7.29450402
43.45000000,1.64025112,6.19061611
43.50000000,1.50346281,5.19862047
43.55000000,1.73765031,4.72938239
43.60000000,2.25747684,5.07047294
43.65000000,2.86939747,5.94107161
43.70000000,3.34311203,7.06799058
43.75000000,3.49830154,8.02417378
43.80000000,3.27397911,8.50512444
43.85000000,2.75353720,8.25550826
43.90000000,2.13484930,7.38791301
43.95000000,1.65568265,6.24929810
44.00000000,1.50226754,5.22992361
44.05000000,1.73618075,4.84427771
44.10000000,2.26850974,5.13333567
44.15000000,2.89251365,5.97686068
44.20000000,3.36326779,7.11645330
44.25000000,3.49388650,8.03433230
44.30000000,3.23050955,8.48897083
44.35000000,2.67567722,8.17123139
44.40000000,2.04955841,7.20592214
44.45000000,1.60319497,6.06824311
44.50000000,1.51767892,5.14506696
44.55000000,1.82979834,4.85499552
44.60000000,2.41500872,5.27735153
44.65000000,3.03598979,6.24753621
44.70000000,3.43835562,7.36553618
44.75000000,3.45515948,8.17786693
44.80000000,3.07716558,8.40572708
44.85000000,2.45892731,7.90930762
44.90000000,1.85668762,6.79875036
44.95000000,1.52256722,5.74884546
45.00000000,1.59854488,5.02230096
45.05000000,2.05498357,4.92353783
45.10000000,2.70076160,5.69521401
45.15000000,3.26230422,6.73707026
45.20000000,3.49928583,7.88985385
45.25000000,3.30817771,8.42243557
45.30000000,2.76875797,8.26795093
45.35000000,2.11219082,7.34886803
45.40000000,1.62278945,6.21448560
45.45000000,1.51482479,5.26770768
45.50000000,1.83776369,4.91346543
45.55000000,2.45222689,5.32600878
45.60000000,3.08884856,6.37835935
45.65000000,3.46579099,7.52480059
45.70000000,3.41392578,8.26140285
45.75000000,2.95392839,8.30543023
45.80000000,2.28964519,7.55978341
45.85000000,1.71887262,6.49924348
45.90000000,1.50006763,5.39496188
45.95000000,1.73452410,4.95830738
46.00000000,2.31805279,5.17078256
46.05000000,2.98580033,6.14568437
46.10000000,3.43166018,7.28946414
46.15000000,3.44883504,8.19088206
46.20000000,3.02692603,8.34224358
46.25000000,2.35946326,7.72193867
46.30000000,1.75640894,6.62299872
46.35000000,1.50056139,5.53859573
46.40000000,1.71419132,4.96753640
46.45000000,2.29911992,5.18943756
46.50000000,2.98024570,6.21856663
46.55000000,3.43404369,7.27024989
46.60000000,3.44246725,8.22823185
46.65000000,2.99896246,8.31346520
46.70000000,2.31449658,7.75134734
46.75000000,1.71852778,6.57354789
46.80000000,1.50072638,5.54568527
46.85000000,1.76931027,5.01957477
46.90000000,2.39566298,5.29179266
46.95000000,3.07428938,6.30144678
47.00000000,3.47101926,7.47505496
47.05000000,3.38798663,8.21274517
47.10000000,2.86375874,8.21766974
47.15000000,2.15727744,7.44070928
47.20000000,1.62117537,6.23485259
47.25000000,1.52579935,5.23960521
47.30000000,1.92170743,4.97313805
47.35000000,2.61112423,5.54920499
47.40000000,3.24518709,6.67768119
47.45000000,3.49999954,7.76144798
47.50000000,3.24292581,8.32327690
47.55000000,2.60335740,8.02553533
47.60000000,1.90938153,6.96755476
47.65000000,1.52035750,5.86058307
47.70000000,1.64034704,5.06038237
47.75000000,2.20947389,5.21873477
47.80000000,2.93183102,6.05167629
47.85000000,3.42811118,7.21082848
47.90000000,3.43491246,8.10357168
47.95000000,2.94596236,8.22736697
48.00000000,2.21883748,7.52913412
48.05000000,1.64077513,6.35208052
48.10000000,1.52264076,5.34145708
48.15000000,1.93053041,5.04461945
48.20000000,2.64684197,5.58116045
48.25000000,3.28463634,6.69754161
48.30000000,3.49617011,7.86112175
48.35000000,3.16351779,8.26776928
48.40000000,2.46627625,7.88238156
48.45000000,1.78650305,6.81331254
48.50000000,1.50009893,5.70318881
48.55000000,1.76810343,4.99121955
48.60000000,2.44419963,5.28884151
48.65000000,3.15255687,6.32323657
48.70000000,3.49581258,7.54079633
48.75000000,3.27866254,8.23755038
48.80000000,2.62090761,7.99305121
48.85000000,1.89350816,6.96119069
48.90000000,1.51046394,5.80392966
48.95000000,1.69261751,5.14520661
49.00000000,2.33841685,5.32210543
49.05000000,3.07829475,6.23508292
49.10000000,3.48495166,7.35464968
49.15000000,3.32063099,8.24944216
49.20000000,2.67804703,8.08112069
49.25000000,1.93038144,7.07933017
49.30000000,1.51583206,5.84962532
49.35000000,1.68031098,5.10799916
49.40000000,2.32961059,5.27185768
49.45000000,3.08099825,6.24617882
49.50000000,3.48752439,7.46582674
49.55000000,3.30439923,8.20900766
49.60000000,2.63841956,8.01889018
49.65000000,1.88808835,7.02490466
49.70000000,1.50642697,5.87355028
49.75000000,1.72684445,5.14199525
49.80000000,2.41826761,5.35354257
49.85000000,3.16066421,6.36498545
49.90000000,3.49903146,7.54678123
49.95000000,3.22303304,8.15808516
50.00000000,2.50000000,7.91123311
50.05000000,1.77589356,6.82280977
50.10000000,1.50126157,5.65587203
50.15000000,1.84990654,5.11994647
50.20000000,2.60650270,5.53764227
50.25000000,3.29722169,6.63214094
50.30000000,3.48568285,7.79378021
50.35000000,3.04992629,8.17221384
50.40000000,2.26386048,7.57572697
50.45000000,1.62733881,6.39880787
50.50000000,1.54878101,5.38039092
50.55000000,2.08150377,5.17779702
50.60000000,2.88495362,5.93459912
50.65000000,3.44035687,7.16490178
50.70000000,3.38561624,8.05292968
50.75000000,2.75335497,8.01440448
50.80000000,1.95440072,7.09130565
50.85000000,1.51259197,6.01837659
50.90000000,1.72088962,5.19351903
50.95000000,2.44477807,5.37022947
51.00000000,3.20635109,6.42342756
51.05000000,3.49850433,7.65522371
51.10000000,3.12360235,8.20933843
51.15000000,2.32983126,7.68260509
51.20000000,1.64950007,6.50089230
51.25000000,1.54281065,5.47547223
51.30000000,2.08493839,5.27751186
51.35000000,2.91022934,6.02679652
51.40000000,3.45657575,7.23801573
51.45000000,3.34824479,7.97279558
51.50000000,2.65650428,7.92353555
51.55000000,1.85581034,6.95269463
51.60000000,1.50007340,5.78643812
51.65000000,1.83867000,5.13767579
51.70000000,2.63888730,5.63944748
51.75000000,3.34302030,6.78363578
51.80000000,3.45615337,7.83921358
51.85000000,2.89568741,8.09483177
51.90000000,2.05466070,7.32968765
51.95000000,1.52848629,6.08943857
52.00000000,1.69335317,5.27097555
52.05000000,2.43480633,5.43326505
52.10000000,3.22400823,6.47427247
52.15000000,3.49336548,7.61625665
52.20000000,3.04590043,8.04693324
52.25000000,2.20234258,7.53535371
52.30000000,1.57404213,6.26454490
52.35000000,1.62037402,5.38143135
52.40000000,2.31065591,5.32883642
52.45000000,3.14093583,6.30109302
52.50000000,3.49991856,7.53539430
52.55000000,3.11985549,8.07770813
52.60000000,2.27928165,7.59484580
52.65000000,1.60195881,6.42203754
52.70000000,1.59477310,5.43751584
52.75000000,2.26629021,5.36093446
52.80000000,3.11451514,6.26564079
52.85000000,3.49995276,7.50269424
52.90000000,3.12845717,8.10866782
52.95000000,2.27881866,7.58121651
53.00000000,1.59675756,6.37807442
53.05000000,1.60499726,5.39383663
53.10000000,2.30045028,5.30748693
53.15000000,3.15053761,6.24224969
53.20000000,3.49883188,7.51026690
53.25000000,3.07283374,7.99855815
53.30000000,2.20047434,7.51172431
53.35000000,1.56089807,6.21416006
53.40000000,1.65631343,5.36577358
53.45000000,2.41512058,5.33672901
53.50000000,3.24184185,6.49602307
53.55000000,3.48247797,7.66605337
53.60000000,2.94322870,8.03527196
53.65000000,2.05015324,7.31757047
53.70000000,1.51557841,6.07773613
53.75000000,1.76994022,5.29219062
53.80000000,2.61215564,5.59522610
53.85000000,3.36485774,6.78773524
53.90000000,3.41782880,7.82651898
53.95000000,2.72481196,7.97385040
54.00000000,1.84759467,6.97478654
54.05000000,1.50313002,5.83072558
54.10000000,1.97663880,5.28783675
54.15000000,2.88181232,5.98935059
54.20000000,3.47255887,7.17948347
54.25000000,3.25763896,7.99663773
54.30000000,2.41219693,7.68223377
54.35000000,1.63901180,6.52729781
54.40000000,1.58585256,5.49783715
54.45000000,2.30062077,5.38907849
54.50000000,3.18430088,6.33801925
54.55000000,3.49036721,7.55572975
54.60000000,2.95655893,8.00694461
54.65000000,2.03349523,7.22783359
54.70000000,1.50771565,6.00820007
54.75000000,1.83146324,5.26264185
54.80000000,2.73023877,5.78408754
54.85000000,3.43152721,6.92654507
54.90000000,3.32771867,7.95646188
54.95000000,2.50534958,7.74063518
55.00000000,1.67735948,6.62726368
55.05000000,1.56707487,5.57935468
55.10000000,2.27432011,5.36711520
55.15000000,3.18082245,6.36316281
55.20000000,3.48780538,7.62181017
55.25000000,2.92096487,8.01030649
55.30000000,1.97972965,7.23049532
55.35000000,1.50080922,5.96768383
55.40000000,1.91416393,5.33652257
55.45000000,2.85314389,5.90753520
55.50000000,3.47561257,7.13785012
55.55000000,3.21861354,7.95876631
55.60000000,2.31093231,7.56102315
55.65000000,1.57389239,6.37015114
55.70000000,1.67957589,5.47342086
55.75000000,2.53505201,5.59616418
55.80000000,3.35935381,6.73369404
55.85000000,3.39431905,7.77675505
55.90000000,2.60429890,7.81918413
55.95000000,1.71687971,6.81787682
56.00000000,1.55551348,5.61098813
56.05000000,2.27359061,5.40913506
56.10000000,3.20398427,6.34765806
56.15000000,3.47560806,7.56062329
56.20000000,2.83028103,7.93600336
56.25000000,1.87274818,7.07523941
56.30000000,1.50762795,5.84475648
56.35000000,2.08396420,5.40832013
56.40000000,3.05701923,6.23803399
56.45000000,3.49913384,7.42501748
56.50000000,2.98449742,7.90907488
56.55000000,2.00368195,7.23495065
56.60000000,1.50030119,5.99263425
56.65000000,1.96316576,5.34335231
56.70000000,2.94729779,6.04700456
56.75000000,3.49719862,7.28438130
56.80000000,3.07427218,7.99745961
56.85000000,2.08858837,7.41315690
56.90000000,1.50596826,6.14812787
56.95000000,1.90212289,5.34590179
57.00000000,2.88958051,5.88887884
57.05000000,3.49184198,7.17193786
57.10000000,3.10840098,7.89319635
57.15000000,2.11768063,7.39652171
57.20000000,1.50848543,6.14295546
57.25000000,1.89381490,5.44457815
57.30000000,2.88981550,5.98475612
57.35000000,3.49317537,7.22095767
57.40000000,3.09111524,7.89706143
57.45000000,2.08804677,7.36565838
57.50000000,1.50381482,6.03802818
57.55000000,1.93737358,5.40672617
57.60000000,2.94828257,5.99631432
57.65000000,3.49912821,7.24634147
57.70000000,3.01975889,7.86678382
57.75000000,2.00206774,7.28255820
57.80000000,1.50019988,6.02593174
57.85000000,2.03872922,5.42569538
57.90000000,3.05947117,6.18253701
57.95000000,3.49520902,7.36823007
58.00000000,2.88581587,7.90331372
58.05000000,1.86927309,7.06820533
58.10000000,1.51839077,5.85818825
58.15000000,2.20780427,5.45395109
58.20000000,3.20857780,6.29132747
58.25000000,3.45459557,7.51311935
58.30000000,2.67969345,7.77449164
58.35000000,1.71125616,6.80046713
58.40000000,1.59070894,5.63942193
58.45000000,2.45151045,5.57558763
58.50000000,3.36561540,6.65942062
58.55000000,3.34066413,7.74427583
58.60000000,2.40014792,7.62239912
58.65000000,1.56782746,6.43389219
58.70000000,1.75599107,5.49654867
58.75000000,2.76186020,5.84050940
58.80000000,3.48006252,7.02965485
58.85000000,3.11561114,7.88884949
58.90000000,2.06834688,7.30597391
58.95000000,1.50008651,6.05038062
59.00000000,2.04640143,5.48228808
59.05000000,3.10054868,6.18276926
59.10000000,3.48196388,7.43777946
59.15000000,2.75893736,7.78492670
59.20000000,1.74308553,6.85952607
59.25000000,1.58292866,5.69289648
59.30000000,2.46352044,5.60863983
59.35000000,3.38641465,6.75346007
59.40000000,3.29812496,7.77581488
59.45000000,2.29589871,7.51341629
59.50000000,1.52717904,6.27711121
59.55000000,1.87818816,5.49174509
59.60000000,2.94772533,6.05565630
59.65000000,3.49953335,7.19543410
59.70000000,2.89058087,7.72748628
59.75000000,1.82602448,6.95190401
59.80000000,1.54811853,5.73857051
59.85000000,2.38549178,5.48814902
59.90000000,3.35815202,6.60386277
59.95000000,3.32013744,7.71647701
60.00000000,2.31261869,7.52271129
60.05000000,1.52639928,6.36289230
60.10000000,1.89704204,5.59883129
60.15000000,2.98690778,6.03649543
60.20000000,3.49545571,7.25442224
60.25000000,2.81070370,7.72425901
60.30000000,1.75174127,6.83238201
60.35000000,1.59434707,5.75304945
60.40000000,2.53219651,5.72894624
60.45000000,3.43174882,6.83952208
60.50000000,3.19865445,7.76674221
60.55000000,2.11312124,7.34988902
60.60000000,1.50000041,6.11566371
60.65000000,2.11318225,5.62424278
60.70000000,3.20273576,6.33567609
60.75000000,3.42614323,7.50006375
60.80000000,2.50386440,7.58843548
60.85000000,1.57607440,6.47694045
60.90000000,1.79714695,5.53483341
60.95000000,2.89536782,6.00303480
61.00000000,3.49972538,7.25113963
61.05000000,2.85011933,7.73460033
61.10000000,1.75946789,6.95834942
61.15000000,1.60241069,5.75011946
61.20000000,2.58100345,5.76272289
61.25000000,3.45754385,6.89172839
61.30000000,3.11632192,7.72427024
61.35000000,1.98842746,7.20819041
61.40000000,1.51428074,5.96972430
61.45000000,2.30456796,5.62796522
61.50000000,3.34688951,6.63929562
61.55000000,3.29727371,7.68921787
61.60000000,2.21609101,7.44622661
61.65000000,1.50247555,6.19386740
61.70000000,2.08612364,5.53695167
61.75000000,3.21012632,6.32432857
61.80000000,3.40594602,7.51096137
61.85000000,2.41348868,7.51022201
61.90000000,1.53413252,6.35350942
61.95000000,1.92816260,5.60801772
62.00000000,3.07880306,6.13590912
62.05000000,3.46258902,7.34540522
62.10000000,2.56648903,7.60139504
62.15000000,1.58111086,6.58729139
62.20000000,1.82378649,5.57152690
62.25000000,2.97331515,6.09867905
62.30000000,3.48725098,7.32414301
62.35000000,2.67057218,7.62078311
62.40000000,1.62276894,6.64646537
62.45000000,1.76334258,5.67893505
62.50000000,2.90524131,5.99477893
62.55000000,3.49560893,7.21125975
62.60000000,2.72583750,7.62834440
62.65000000,1.64612234,6.70044086
62.70000000,1.73886568,5.74611822
62.75000000,2.88021771,6.00928081
62.80000000,3.49709218,7.29378984
62.85000000,2.73334937,7.65763549
62.90000000,1.64506230,6.66287425
62.95000000,1.74657589,5.57706417
63.00000000,2.90008672,6.02700182
63.05000000,3.49421239,7.19943173
63.10000000,2.69314858,7.64708361
63.15000000,1.61975495,6.63364788
63.20000000,1.78788816,5.68934805
63.25000000,2.96370867,6.09010961
63.30000000,3.48237520,7.31361388
63.35000000,2.60396830,7.60598851
63.40000000,1.57676057,6.53969841
63.45000000,1.86918088,5.65659102
63.50000000,3.06622715,6.21064481
63.55000000,3.44997838,7.39534408
63.60000000,2.46469282,7.56169335
63.65000000,1.52986814,6.39098878
63.70000000,2.00018950,5.59202787
63.75000000,3.19688156,6.39148622
63.80000000,3.37918533,7.54224320
63.85000000,2.27763711,7.42688005
63.90000000,1.50106638,6.23150369
63.95000000,2.19054298,5.65039717
64.00000000,3.33587635,6.53205486
64.05000000,3.24831978,7.59022892
64.10000000,2.05353894,7.31516096
64.15000000,1.52040011,6.09549851
64.20000000,2.44388948,5.80766390
64.25000000,3.45153139,6.78626912
64.30000000,3.03718786,7.62330788
64.35000000,1.81747197,6.93979243
64.40000000,1.62277087,5.82846624
64.45000000,2.74959334,5.86881067
64.50000000,3.49998325,7.12655507
64.55000000,2.73641778,7.67165009
64.60000000,1.61353008,6.74389368
64.65000000,1.83942476,5.69585878
64.70000000,3.07350112,6.18184968
64.75000000,3.43074650,7.29569827
64.80000000,2.36052117,7.44661409
64.85000000,1.50427154,6.30807212
64.90000000,2.18273740,5.71854860
64.95000000,3.35189516,6.59926974
65.00000000,3.20153143,7.60550268
65.05000000,1.96126701,7.21993303
65.10000000,1.55947909,5.98741826
65.15000000,2.62602818,5.80929816
65.20000000,3.49578188,6.93294531
65.25000000,2.80324764,7.60083698
65.30000000,1.63331955,6.76075107
65.35000000,1.82982502,5.72977385
65.40000000,3.08609187,6.14290753
65.45000000,3.41384733,7.45202757
65.50000000,2.28950521,7.39063413
65.55000000,1.50003251,6.24004923
65.60000000,2.30729685,5.70016338
65.65000000,3.42343650,6.68156351
65.70000000,3.05781626,7.54548941
65.75000000,1.79445620,6.93715302
65.80000000,1.66871530,5.83824913
65.85000000,2.88722423,6.00272850
65.90000000,3.47846554,7.17686880
65.95000000,2.47976130,7.48275642
66.00000000,1.51364305,6.39951814
66.05000000,2.15810354,5.71617597
66.10000000,3.36258416,6.56708580
66.15000000,3.15175146,7.49357327
66.20000000,1.86848038,7.07328446
66.25000000,1.62636707,5.91057724
66.30000000,2.82867781,6.06387544
66.35000000,3.48663245,7.22670249
66.40000000,2.50545679,7.51745916
66.45000000,1.51484812,6.42689264
66.50000000,2.16881773,5.73666172
66.55000000,3.37734064,6.60516776
66.60000000,3.11420856,7.54902395
66.65000000,1.81791741,6.99519297
66.70000000,1.67122022,5.89595997
66.75000000,2.92522757,6.14691327
66.80000000,3.45920213,7.28391697
66.85000000,2.36429598,7.43831605
66.90000000,1.50007568,6.17576946
66.95000000,2.34201603,5.80745456
67.00000000,3.45447178,6.79560776
67.05000000,2.93054116,7.60656331
67.10000000,1.66639107,6.75547868
67.15000000,1.83821714,5.77091188
67.20000000,3.15310904,6.34009571
67.25000000,3.33763692,7.45291957
67.30000000,2.06853483,7.24210596
67.35000000,1.54966068,6.05272121
67.40000000,2.68780049,5.93831568
67.45000000,3.49798652,7.09245549
67.50000000,2.55985082,7.49380875
67.55000000,1.51636154,6.41723724
67.60000000,2.20419506,5.79843857
67.65000000,3.41416596,6.69658155
67.70000000,3.00751610,7.55852253
67.75000000,1.70098606,6.86099428
67.80000000,1.81407162,5.89634489
67.85000000,3.14901597,6.32997751
67.90000000,3.32546365,7.44063182
67.95000000,2.02464459,7.18484446
68.00000000,1.57626480,5.98225489
68.05000000,2.78872907,6.01521513
68.10000000,3.48107893,7.21290771
68.15000000,2.40126496,7.40278421
68.20000000,1.50001287,6.30688098
68.25000000,2.41347987,5.84982090
68.30000000,3.48451559,6.85758132
68.35000000,2.76061799,7.47105612
68.40000000,1.56028186,6.54002571
68.45000000,2.08113697,5.80374937
68.50000000,3.37114569,6.54754898
68.55000000,3.05819420,7.58594766
68.60000000,1.71556890,6.83620984
68.65000000,1.82298834,5.85432579
68.70000000,3.18496833,6.35810368
68.75000000,3.27495311,7.44378326
68.80000000,1.92231569,7.10324201
68.85000000,1.64735117,5.99334678
68.90000000,2.96689538,6.19125338
68.95000000,3.41147764,7.25668764
69.00000000,2.14376424,7.22067062
69.05000000,1.54666017,6.12211308
69.10000000,2.74864382,5.99654169
69.15000000,3.48045712,7.09026989
69.20000000,2.35360801,7.35757163
69.25000000,1.50479499,6.28195256
69.30000000,2.55114674,5.96509477
69.35000000,3.49997871,7.05857503
69.40000000,2.53595268,7.51472778
69.45000000,1.50290854,6.44185740
69.50000000,2.38579366,5.90667044
69.55000000,3.48870188,6.89628454
69.60000000,2.68326377,7.45747424
69.65000000,1.52323398,6.50766732
69.70000000,2.25696247,5.88009920
69.75000000,3.46300937,6.82348071
69.80000000,2.79362376,7.46899073
69.85000000,1.55108582,6.56987461
69.90000000,2.16476812,5.84382533
69.95000000,3.43571739,6.72409400
70.00000000,2.86812455,7.49728906
70.05000000,1.57558448,6.67826224
70.10000000,2.10743170,5.80925957
70.15000000,3.41577292,6.70388569
70.20000000,2.90879450,7.46620781
70.25000000,1.58966920,6.65851672
70.30000000,2.08302946,5.85562163
70.35000000,3.40841497,6.62059557
70.40000000,2.91718064,7.40631489
70.45000000,1.58985935,6.62649622
70.50000000,2.09058407,5.79906061
70.55000000,3.41541362,6.58605688
70.60000000,2.89357386,7.39958113
70.65000000,1.57607268,6.60122173
70.70000000,2.13053329,5.90000349
70.75000000,3.43515604,6.70145508
70.80000000,2.83683980,7.44125181
70.85000000,1.55165481,6.57048541
70.90000000,2.20460016,5.87873879
70.95000000,3.46249988,6.74295869
71.00000000,2.74485390,7.47715516
71.05000000,1.52362588,6.54285176
71.10000000,2.31504005,5.93343775
71.15000000,3.48846327,6.85429789
71.20000000,2.61558891,7.36504179
71.25000000,1.50299662,6.38033353
71.30000000,2.46320147,5.91848505
71.35000000,3.49998176,6.97338811
71.40000000,2.44891783,7.34306173
71.45000000,1.50483642,6.31973315
71.50000000,2.64735973,5.98638835
71.55000000,3.48013998,7.13245119
71.60000000,2.24912181,7.22237375
71.65000000,1.54759672,6.18453023
71.70000000,2.85992165,6.12167808
71.75000000,3.40945436,7.18289524
71.80000000,2.02787441,7.13740080
71.85000000,1.65105346,6.07562295
71.90000000,3.08440730,6.28913096
71.95000000,3.26886798,7.34880402
72.00000000,1.80707118,6.98512827
72.05000000,1.83223821,5.97783231
72.10000000,3.29310770,6.49348161
72.15000000,3.04497845,7.36437915
72.20000000,1.62030741,6.71150612
72.25000000,2.09905060,5.90053917
72.30000000,3.44692093,6.72123999
72.35000000,2.73746377,7.34669069
72.40000000,1.51122595,6.55466368
72.45000000,2.44207804,6.02235635
72.50000000,3.49934033,6.92976797
72.55000000,2.36753191,7.24001694
72.60000000,1.52671086,6.20611257
72.65000000,2.82659364,6.12213529
72.70000000,3.40644596,7.20724944
72.75000000,1.98451440,7.07814017
72.80000000,1.70355680,6.01053663
72.85000000,3.18856023,6.35273675
72.90000000,3.14340118,7.33580919
72.95000000,1.66590377,6.76187874
73.00000000,2.04942783,5.88680180
73.05000000,3.43997547,6.67754859
73.10000000,2.72485836,7.32451442
73.15000000,1.50530844,6.47739128
73.20000000,2.52290297,5.99277647
73.25000000,3.48859548,6.97680858
73.30000000,2.22199730,7.21769814
73.35000000,1.58469738,6.09565173
73.40000000,3.02238241,6.25055754
73.45000000,3.27313302,7.30337718
73.50000000,1.76429821,6.91143074
73.55000000,1.93359590,5.98531191
73.60000000,3.39698706,6.62083792
73.65000000,2.80634943,7.36520185
73.70000000,1.51317901,6.51525988
73.75000000,2.48858743,6.02750884
73.80000000,3.48993514,7.04994578
73.85000000,2.20667298,7.20792269
73.90000000,1.60205058,6.14997147
73.95000000,3.07778354,6.28748909
74.00000000,3.21188878,7.29958852
74.05000000,1.69037336,6.77413707
74.10000000,2.05598548,5.94121859
74.15000000,3.45808274,6.64381325
74.20000000,2.61846680,7.27355578
74.25000000,1.50153305,6.33875070
74.30000000,2.72974317,6.12755550
74.35000000,3.41689785,7.16285784
74.40000000,1.94229633,7.05442506
74.45000000,1.78557079,6.08895263
74.50000000,3.31957878,6.55200174
74.55000000,2.90969220,7.37285912
74.60000000,1.52674410,6.56072975
74.65000000,2.46085932,6.08431220
74.70000000,3.48788552,7.00022214
74.75000000,2.15418968,7.13554533
74.80000000,1.64889783,6.09327521
74.85000000,3.18503709,6.35496320
74.90000000,3.07440277,7.26874913
74.95000000,1.58100698,6.60006456
75.00000000,2.30490968,5.94334311
75.05000000,3.49988883,6.88184386
75.10000000,2.27347757,7.16365711
75.15000000,1.59714684,6.14681276
75.20000000,3.11525086,6.32116007
75.25000000,3.13459589,7.27590021
75.30000000,1.60597156,6.76203499
75.35000000,2.26302652,6.02547919
75.40000000,3.49993253,6.93882035
75.45000000,2.28337039,7.22923363
75.50000000,1.59985107,6.23059769
75.55000000,3.13294980,6.37173696
75.60000000,3.10392519,7.29526992
75.65000000,1.58249821,6.69392055
75.70000000,2.33346269,6.00944489
75.75000000,3.49705510,6.90062685
75.80000000,2.18239701,7.05782556
75.85000000,1.65917711,6.10627315
75.90000000,3.23328982,6.38883845
75.95000000,2.97426982,7.29381051
76.00000000,1.52824951,6.56428229
76.05000000,2.51998009,6.08941119
76.10000000,3.46089319,7.06012614
76.15000000,1.98281516,7.07331570
76.20000000,1.80970439,6.09277235
76.25000000,3.38035450,6.60353332
76.30000000,2.72223427,7.28387064
76.35000000,1.50116861,6.40877431
76.40000000,2.81758249,6.19829965
76.45000000,3.32511841,7.18249720
76.50000000,1.72928154,6.87234115
76.55000000,2.10243122,6.05037673
76.60000000,3.49225713,6.75940192
76.65000000,2.33850659,7.19024834
76.70000000,1.60012504,6.16027424
76.75000000,3.17635958,6.37636894
76.80000000,3.00907084,7.28073737
76.85000000,1.52814941,6.53888703
76.90000000,2.56078983,6.09719019
76.95000000,3.43523280,7.00461826
77.00000000,1.88268398,6.93133867
77.05000000,1.93566395,6.06699750
77.10000000,3.45784510,6.69217245
77.15000000,2.48075712,7.18424305
77.20000000,1.55469860,6.26604168
77.25000000,3.10336571,6.36261341
77.30000000,3.06896180,7.23697135
77.35000000,1.54033838,6.58150302
77.40000000,2.53763945,6.07429469
77.45000000,3.43494083,7.01616664
77.50000000,1.86333277,6.99406314
77.55000000,1.97667119,6.16155856
77.60000000,3.47623110,6.71341417
77.65000000,2.38402702,7.17899267
77.70000000,1.60101507,6.20994955
77.75000000,3.21237882,6.41606935
77.80000000,2.92228451,7.21186602
77.85000000,1.50419181,6.51708211
77.90000000,2.75243607,6.21682618
77.95000000,3.32283692,7.17023100
78.00000000,1.68308052,6.82087764
78.05000000,2.24225995,6.10760905
78.10000000,3.49541380,6.94770197
78.15000000,2.06078003,7.05320492
78.20000000,1.81491920,6.09966227
78.25000000,3.42455472,6.65038556
78.30000000,2.52471107,7.21028996
78.35000000,1.55856626,6.25534414
78.40000000,3.15563894,6.43951954
78.45000000,2.96376488,7.18811663
78.50000000,1.50564158,6.54198897
78.55000000,2.76879043,6.21430839
78.60000000,3.29427114,7.14037058
78.65000000,1.63948170,6.72127363
78.70000000,2.35178109,6.09134808
78.75000000,3.47147480,6.94585126
78.80000000,1.91080373,6.95389714
78.85000000,1.97932470,6.14557883
78.90000000,3.48845530,6.81063750
78.95000000,2.25657197,7.15783920
79.00000000,1.70171335,6.17329824
79.05000000,3.36705526,6.57062487
79.10000000,2.61590601,7.16481488
79.15000000,1.54223250,6.32924354
79.20000000,3.14570900,6.40393834
79.25000000,2.94044252,7.21980953
79.30000000,1.50083520,6.44411359
79.35000000,2.86795731,6.21976723
79.40000000,3.19888157,7.07685561
79.45000000,1.56104309,6.57907567
79.50000000,2.57381521,6.13760211
79.55000000,3.37688743,7.01862600
79.60000000,1.69749152,6.77295130
79.65000000,2.29467759,6.13192361
79.70000000,3.47407527,6.94715045
79.75000000,1.88241292,6.93390336
79.80000000,2.05142225,6.17936465
79.85000000,3.49974147,6.78969315
79.90000000,2.09025207,7.06588450
79.95000000,1.85485251,6.20098480
80.00000000,3.46858316,6.73778374
80.05000000,2.30030208,7.08515767
80.10000000,1.70751061,6.20959724
80.15000000,3.39714985,6.61778164
80.20000000,2.49767120,7.18084180
80.25000000,1.60603227,6.30412281
80.30000000,3.30132991,6.53783773
80.35000000,2.67306696,7.16093341
80.40000000,1.54345839,6.36257044
80.45000000,3.19486557,6.47718886
80.50000000,2.82188814,7.22623034
80.55000000,1.51117234,6.50150180
80.60000000,3.08871651,6.44167908
80.65000000,2.94302510,7.19978178
80.70000000,1.50033524,6.50416364
80.75000000,2.99102720,6.34257039
80.80000000,3.03764540,7.09065773
80.85000000,1.50282944,6.50294960
80.90000000,2.90745920,6.33364433
80.95000000,3.10812517,7.10504492
81.00000000,1.51179620,6.52025801
81.05000000,2.84169220,6.33549800
81.10000000,3.15719579,7.15168140
81.15000000,1.52188217,6.60206838
81.20000000,2.79595090,6.30389416
81.25000000,3.18731534,7.12611541
81.30000000,1.52930749,6.60068521
81.35000000,2.77146418,6.24983644
81.40000000,3.20024287,7.18681890
81.45000000,1.53184949,6.56156955
81.50000000,2.76880131,6.27563526
81.55000000,3.19678367,7.05056506
81.60000000,1.52881027,6.56384925
81.65000000,2.78805562,6.26452645
81.70000000,3.17667881,7.10051798
81.75000000,1.52100896,6.59691997
81.80000000,2.82886206,6.29964626
81.85000000,3.13862658,7.14743020
81.90000000,1.51081154,6.55976716
81.95000000,2.89024536,6.28865616
82.00000000,3.08044148,7.11614314
82.05000000,1.50218334,6.55050939
82.10000000,2.97030547,6.39017241
82.15000000,2.99937412,7.18468243
82.20000000,1.50072047,6.49814900
82.25000000,3.06576176,6.42400117
82.30000000,2.89262736,7.13468243
82.35000000,1.51358591,6.43992231
82.40000000,3.17140261,6.43986815
82.45000000,2.75810472,7.12223715
82.50000000,1.54924732,6.37698857
82.55000000,3.27952546,6.52057607
82.60000000,2.59540883,7.09842846
82.65000000,1.61689140,6.33965409
82.70000000,3.37950592,6.63473352
82.75000000,2.40706169,7.10077818
82.80000000,1.72538630,6.24663551
82.85000000,3.45769620,6.66426073
82.90000000,2.19983800,7.05066056
82.95000000,1.88169528,6.24582597
83.00000000,3.49791066,6.80729120
83.05000000,1.98598636,6.82508835
83.10000000,2.08873207,6.24426241
83.15000000,3.48278245,6.90568878
83.20000000,1.78396947,6.89189168
83.25000000,2.34281022,6.26044700
83.30000000,3.39623113,6.98251561
83.35000000,1.61821658,6.70492631
83.40000000,2.63108051,6.27589801
83.45000000,3.22712081,7.03693995
83.50000000,1.51730451,6.60044958
83.55000000,2.92965170,6.39387908
83.60000000,2.97386917,7.11457860
83.65000000,1.51005525,6.50909223
83.70000000,3.20338052,6.49976553
83.75000000,2.64927918,7.09231595
83.80000000,1.61935782,6.27355953
83.85000000,3.40846905,6.61439928
83.90000000,2.28426559,6.99095773
83.95000000,1.85417058,6.27349738
84.00000000,3.49883596,6.78206909
84.05000000,1.92859901,6.82712932
84.10000000,2.20113467,6.21025414
84.15000000,3.43653179,6.92877771
84.20000000,1.64658259,6.70146789
84.25000000,2.61836508,6.24898665
84.30000000,3.20512556,6.99369837
84.35000000,1.50609069,6.50997545
84.40000000,3.03488598,6.43061152
84.45000000,2.82309714,7.04741492
84.50000000,1.56098765,6.45015160
84.55000000,3.35921190,6.52358361
84.60000000,2.35230388,6.99733726
84.65000000,1.82969540,6.33039667
84.70000000,3.49903006,6.78087321
84.75000000,1.89548404,6.78806589
84.80000000,2.27611722,6.22147708
84.85000000,3.39035020,6.98321358
84.90000000,1.57777324,6.73169281
84.95000000,2.80197426,6.38063264
85.00000000,3.02917900,7.06499473
85.05000000,1.51144087,6.48545794
85.10000000,3.25986229,6.54012696
85.15000000,2.49335879,7.00129280
85.20000000,1.75059007,6.22281403
85.25000000,3.49187831,6.74044061
85.30000000,1.93969826,6.86032107
85.35000000,2.25152327,6.35539023
85.40000000,3.38861208,6.99935546
85.45000000,1.56554135,6.66720422
85.50000000,2.86053979,6.33486297
85.55000000,2.94965887,7.02074244
85.60000000,1.53672253,6.37411542
85.65000000,3.34828238,6.56901208
85.70000000,2.31557161,6.93998460
85.75000000,1.90353686,6.36107569
85.80000000,3.49397821,6.89624865
85.85000000,1.74127559,6.84019907
85.90000000,2.54476574,6.32227398
85.95000000,3.19550294,6.97626338
86.00000000,1.50004561,6.50954373
86.05000000,3.18360709,6.50064537
86.10000000,2.55315751,6.99750310
86.15000000,1.74452370,6.38375253
86.20000000,3.49629540,6.81790570
86.25000000,1.86589135,6.77625907
86.30000000,2.39191152,6.28472397
86.35000000,3.28380611,6.98559434
86.40000000,1.50716272,6.57015707
86.45000000,3.11622262,6.51478231
86.50000000,2.62018102,6.99884871
86.55000000,1.71531268,6.32437787
86.60000000,3.49390960,6.74842743
86.65000000,1.86807107,6.83854603
86.70000000,2.41052030,6.34471526
86.75000000,3.25819615,6.98194390
86.80000000,1.50168097,6.51107340
86.85000000,3.17963224,6.51167340
86.90000000,2.51558186,6.93609556
86.95000000,1.79976728,6.35798941
87.00000000,3.49929184,6.69213573
87.05000000,1.74628160,6.71023410
87.10000000,2.60150335,6.34981262
87.15000000,3.10330273,7.05800280
87.20000000,1.51554565,6.49567337
87.25000000,3.34333594,6.66750679
87.30000000,2.24071401,6.90361618
87.35000000,2.04161236,6.28087305
87.40000000,3.43629433,6.85410589
87.45000000,1.56918433,6.63514849
87.50000000,2.94961133,6.46775640
87.55000000,2.75829467,6.96237875
87.60000000,1.66610906,6.34184956
87.65000000,3.49056680,6.76022731
87.70000000,1.84519850,6.82616797
87.75000000,2.49723442,6.31192609
87.80000000,3.15691667,6.98970847
87.85000000,1.51018555,6.46138120
87.90000000,3.34424331,6.54528828
87.95000000,2.20506044,6.84910699
88.00000000,2.10723910,6.36378584
88.05000000,3.39297814,6.84896414
88.10000000,1.52648685,6.55495349
88.15000000,3.10145134,6.48364353
88.20000000,2.54673339,6.91346586
88.25000000,1.82861637,6.32737294
88.30000000,3.48904686,6.81372515
88.35000000,1.64008317,6.71793911
88.40000000,2.84667300,6.47139721
88.45000000,2.81865834,7.00346051
88.50000000,1.65858399,6.41908587
88.55000000,3.49480923,6.74888677
88.60000000,1.78349138,6.76011504
88.65000000,2.63108366,6.38091416
88.70000000,3.00820837,6.95224348
88.75000000,1.56981750,6.46894401
88.80000000,3.46017749,6.70046818
88.85000000,1.90976297,6.85510095
88.90000000,2.47783329,6.36658681
88.95000000,3.12327564,6.96781825
89.00000000,1.53105846,6.49813775
89.05000000,3.42286599,6.61933026
89.10000000,1.99187594,6.77744265
89.15000000,2.39352684,6.33797378
89.20000000,3.17692974,6.89311525
89.25000000,1.51858198,6.47675328
89.30000000,3.40548358,6.73863664
89.35000000,2.01712282,6.83941122
89.40000000,2.37843727,6.39213844
89.45000000,3.17788738,6.93973002
89.50000000,1.52107608,6.50799460
89.55000000,3.41640859,6.70148544
89.60000000,1.98214384,6.83675363
89.65000000,2.43251087,6.34278969
89.70000000,3.12617345,6.87469260
89.75000000,1.54114505,6.41278837
89.80000000,3.45059210,6.65821872
89.85000000,1.89130353,6.86013204
89.90000000,2.55646001,6.45688730
89.95000000,3.01296942,6.92019599
90.00000000,1.59517295,6.46684504
90.05000000,3.48881426,6.69723182
90.10000000,1.75913821,6.62332039
90.15000000,2.74781260,6.39588395
90.20000000,2.82471005,6.86590341
90.25000000,1.71109399,6.34160716
90.30000000,3.49628234,6.71191971
90.35000000,1.61600251,6.70074749
90.40000000,2.99205535,6.49980048
90.45000000,2.55261107,6.85530497
90.50000000,1.92148519,6.39405174
90.55000000,3.42398132,6.88386653
90.60000000,1.51378067,6.62085825
90.65000000,3.25046571,6.57677954
90.70000000,2.20852991,6.82952926
90.75000000,2.24831691,6.40605074
90.80000000,3.21859417,6.88174213
90.85000000,1.52509044,6.49484933
90.90000000,3.45010370,6.67008671
90.95000000,1.84462031,6.76024414
91.00000000,2.67768248,6.45102939
91.05000000,2.84720874,6.88855810
91.10000000,1.72609438,6.48347832
91.15000000,3.48750421,6.77344018
91.20000000,1.56640252,6.64416234
91.25000000,3.13068639,6.54685585
91.30000000,2.33733797,6.82889737
91.35000000,2.15445288,6.42519141
91.40000000,3.26186685,6.88010909
91.45000000,1.51877449,6.48978739
91.50000000,3.45122869,6.67773679
91.55000000,1.81663720,6.71668366
91.60000000,2.74776279,6.48930650
91.65000000,2.74621124,6.86330868
91.70000000,1.82198534,6.37887489
91.75000000,3.44529422,6.74198343
91.80000000,1.51250054,6.56120504
91.85000000,3.29849166,6.64968362
91.90000000,2.07413845,6.79442350
91.95000000,2.45791295,6.49238730
92.00000000,2.99796717,6.84702973
92.05000000,1.65985785,6.49581749
92.10000000,3.49502194,6.77856011
92.15000000,1.56794160,6.66589103
92.20000000,3.16862230,6.62489896
92.25000000,2.23565635,6.78285819
92.30000000,2.30678410,6.43325353
92.35000000,3.10799291,6.85613574
92.40000000,1.60441284,6.47324646
92.45000000,3.49997034,6.70849972
92.50000000,1.59643089,6.65773572
92.55000000,3.12913126,6.57591724
92.60000000,2.26645640,6.83510628
92.65000000,2.29534222,6.50636127
92.70000000,3.10125202,6.89892038
92.75000000,1.61750691,6.49471768
92.80000000,3.49840575,6.78237468
92.85000000,1.56906252,6.60457448
92.90000000,3.19581971,6.58573347
92.95000000,2.16176679,6.73570124
93.00000000,2.42348283,6.43180552
93.05000000,2.97532238,6.90572240
93.10000000,1.70977579,6.53312333
93.15000000,3.46973023,6.86548043
93.20000000,1.51331667,6.60633783
93.25000000,3.34161384,6.69815297
93.30000000,1.93865369,6.70020157
93.35000000,2.69343372,6.51888788
93.40000000,2.70237923,6.82047982
93.45000000,1.93591103,6.43807240
93.50000000,3.33710294,6.85418498
93.55000000,1.51782664,6.61868919
93.60000000,3.48051773,6.75393613
93.65000000,1.66442832,6.67736601
93.70000000,3.07137288,6.60324583
93.75000000,2.27192792,6.80164927
93.80000000,2.35544059,6.46588711
93.85000000,2.99454839,6.80075924
93.90000000,1.72504511,6.46138761
93.95000000,3.44994251,6.78577294
94.00000000,1.50104596,6.60658257
94.05000000,3.41858777,6.69020638
94.10000000,1.77788501,6.67006038
94.15000000,2.93689515,6.58843418
94.20000000,2.39980683,6.79849628
94.25000000,2.25405827,6.53713810
94.30000000,3.06002213,6.80044296
94.35000000,1.69397749,6.45680874
94.40000000,3.45728307,6.80015372
94.45000000,1.50095805,6.57121252
94.50000000,3.42942043,6.72252880
94.55000000,1.74111592,6.67695866
94.60000000,3.00837541,6.59895420
94.65000000,2.29355653,6.77836891
94.70000000,2.38577394,6.55147877
94.75000000,2.92045364,6.86958499
94.80000000,1.81801912,6.50803544
94.85000000,3.37432420,6.76614734
94.90000000,1.51917205,6.56197225
94.95000000,3.49378567,6.69694255
95.00000000,1.58539284,6.58182913
95.05000000,3.25310611,6.69584890
95.10000000,1.97393897,6.67594086
95.15000000,2.75525517,6.60716993
95.20000000,2.53477268,6.72707303
95.25000000,2.18096594,6.48844949
95.30000000,3.07424209,6.74344355
95.35000000,1.71936446,6.50970130
95.40000000,3.42335179,6.76735672
95.45000000,1.50672098,6.52024569
95.50000000,3.48737057,6.72490514
95.55000000,1.59154791,6.62493239
95.60000000,3.26459012,6.62909226
95.65000000,1.93188145,6.65919415
95.70000000,2.83443474,6.59682516
95.75000000,2.41931843,6.77384230
95.80000000,2.32442615,6.61687667
95.85000000,2.91756795,6.80022173
95.90000000,1.86960305,6.57279795
95.95000000,3.30184655,6.76832181
96.00000000,1.57703680,6.56125784
96.05000000,3.48835760,6.74974586
96.10000000,1.50374877,6.58027423
96.15000000,3.44829255,6.69786443
96.20000000,1.65081804,6.62911475
96.25000000,3.20615161,6.67358368
96.30000000,1.97165022,6.68815350
96.35000000,2.82617864,6.59557911
96.40000000,2.38936942,6.73029582
96.45000000,2.39266212,6.56225568
96.50000000,2.81736341,6.66097974
96.55000000,1.98985845,6.55355156
96.60000000,3.17778652,6.71701821
96.65000000,1.68592066,6.53680854
96.70000000,3.41460515,6.69966472
96.75000000,1.52321287,6.51763149
96.80000000,3.49982862,6.67259389
96.85000000,1.51542131,6.52652730
96.90000000,3.43333771,6.71709469
96.95000000,1.65037936,6.59885334
97.00000000,3.23789489,6.65715076
97.05000000,1.89669149,6.67991600
97.10000000,2.95142250,6.64778194
97.15000000,2.21204133,6.70140140
97.20000000,2.61857211,6.63107593
97.25000000,2.55134540,6.77450654
97.30000000,2.28317292,6.59126239
97.35000000,2.87345612,6.74336341
97.40000000,1.98254595,6.52847074
97.45000000,3.14573449,6.76864219
97.50000000,1.74407511,6.53398682
97.55000000,3.34636042,6.75043752
97.60000000,1.58394575,6.59134942
97.65000000,3.46464888,6.73182778
97.70000000,1.50764685,6.57769022
97.75000000,3.49986948,6.67953298
97.80000000,1.51168469,6.52843111
97.85000000,3.45914241,6.72201203
97.90000000,1.58594278,6.59994071
97.95000000,3.35494467,6.73041947
98.00000000,1.71620248,6.62863436
98.05000000,3.20265261,6.70045412
98.10000000,1.88646496,6.64102677
98.15000000,3.01841067,6.64961999
98.20000000,2.08085280,6.66707815
98.25000000,2.81748351,6.67311031
98.30000000,2.28499304,6.64039192
98.35000000,2.61313793,6.64255740
98.40000000,2.48687907,6.66720566
98.45000000,2.41602134,6.56504305
98.50000000,2.67727283,6.62753519
98.55000000,2.23395465,6.65420953
98.60000000,2.84974285,6.80061925
98.65000000,2.07203643,6.66922195
98.70000000,3.00044437,6.77167317
98.75000000,1.93295341,6.57904710
98.80000000,3.12774145,6.74609887
98.85000000,1.81740474,6.61734918
98.90000000,3.23175498,6.75050486
98.95000000,1.72456568,6.52507492
99.00000000,3.31390060,6.70388718
99.05000000,1.65253735,6.58053952
99.10000000,3.37645971,6.84430259
99.15000000,1.59874853,6.50799142
99.20000000,3.42220924,6.70867214
99.25000000,1.56029175,6.56828883
99.30000000,3.45412098,6.77644828
99.35000000,1.53418844,6.58571778
99.40000000,3.47513103,6.75955913
99.45000000,1.51758652,6.56548676
99.50000000,3.48797296,6.73680828
99.55000000,1.50789903,6.53948428
99.60000000,3.49506459,6.72944738
99.65000000,1.50289500,6.55002208
99.70000000,3.49843648,6.68304519
99.75000000,1.50075436,6.54402585
99.80000000,3.49969089,6.76007837
99.85000000,1.50009784,6.59629852
99.90000000,3.49998067,6.78522335
99.95000000,1.50000121,6.60901661
